{
  "rho_mean": {
    "a": 0.21677572267491213,
    "b": 4.551562887436999,
    "R2": 0.32707415682742913
  },
  "delta_mean": {
    "a": 0.08118478144277594,
    "b": 0.6314330313629513
  },
  "rho_std": {
    "a": -0.013666532215011325,
    "b": 0.45995221622955856
  },
  "C2": 0.6602457439708004
}